Biscuits,UPCs
Milk Chocolate Sandwich Fingers,985482
Extra Cream Cookies and Cream,29455652
Milk Chocolate and Speculoos Wafer Rolls,29457854
Outrageously Chocolatey Milk Chocolate Wafer Rounds,29455669
Plant Kitchen Dark Chocolate & Orange Cookie,29462995
Lemon Wafer Squares,29370283
Milk Chocolate Malted Milk,29436101
Milk Chocolate Nice,29440641
Milk Chocolate Oat Crunch,29436095
Oat Crunch,29436156
All Butter Scottish Shortbread Chocolate Chunk Rounds,672542
All Butter Mini Gingerbread Biscuits,29177349
Cappuccino Wafer Squares,29369942
Choc Chip Bags,29150977
Chocolate Mini Wafer,29370108
Dutch Shortcake,880732
Extra Cream Custard Creams,29369843
Hazelnut Wafer Mini Rolls,29369829
Milk Chocolate Sandwich Fingers,985482
Mini Shortbread Fingers,706759
Organic All Butter Shortbread Fingers,29098354
Outrageously Chocolatey Milk Chocolate Coated Bourbon Creams,29370313
Outrageously Chocolatey Milk Chocolate Coated Custard Cream,29370320
Plant Kitchen Chewy Cherry Bakewell Cookies,29205592
Triple Pack Biscuits,29381104
Biscuit Curls,141130
Outrageously Chocolatey Milk Chocolate Mini Biscuits,29415649
All Butter Biscuits,423069
All Butter Viennese Milk Chocolate Dipped Fingers,28097
Jam Sandwich Creams,29377107
Malted Milk Biscuits,706858
Milk Chocolate Digestives,747004
Milk Chocolate Rounds,156707
Outrageously Chocolatey Dark Chocolate Ginger Biscuits,156929
Outrageously Chocolatey Dark Chocolate Rounds,156936
Shorties,888783
Strawberry Mini Wafer Squares,29412938
Ultimate Chocolate Orange Teacakes,29382996
Ultimate Milk Chocolate Teacakes,29383009
Ultimate Salted Caramel Teacakes,29382989
Raspberry Cream Sandwich Fingers,29378999
Chocolate Mini Wafer Squares,29369966
Milk Chocolate Covered Hazelnut Wafer Bites,29369959
Individually Wrapped Milk Chocolate Digestive Biscuit Bars,29375134
Extra Cream Bourbon Creams,29369850
All Butter Mini Fruity Flapjack Cookie Bags,29367559
All Butter Reduced Sugar Double Chocolate Chunk Cookies,29365562
Coconut Snowballs,29236961
Chocolate Chip Cookies,29168484
Percy Pig Jam Sandwich Creams,29150960
All Butter Belgian White Chocolate Chunk And Sicilian Lemon Cookies,984904
All Butter Scottish Shortbread Selection,621274
12 All Butter Sultana Cookies,396165
8 All Butter Belgian Chocolate Chunk and Hazelnut Cookies,393805
8 All Butter Belgian White Chocolate Chunk Cookies,396134
8 All Butter Fruity Flapjack Cookies,394963
8 All Butter Pistachio and Almond Cookies,395496
8 All Butter Stem Ginger Cookies,394697
8 All Butter Triple Belgian Chocolate Chunk Cookies,395281
All Butter Double Belgian Chocolate Chunk Cookies,393812
All Butter Viennese Biscuit Selection,231640
Made Without Wheat All Butter Shortbread Rounds,319928
All Butter Mini Oat Biscuits,798105
Ginger Snaps,741538
Almond Biscuits,379953
Made Without Wheat & Gluten Fruity Flapjack Cookies,319782
Outrageously Chocolatey White Chocolate Rounds,156721
Extremely Chocolatey Milk Chocolate Orange Biscuits,156738
Made Without Wheat Triple Chocolate Chunk Cookies,939133
Made without Wheat Stem Ginger Snaps,939140
All Butter Viennese Swirls,28059
Redcurrant Puffs Twin Pack,877497
Dark Chocolate Jaffa Cakes,356992
Dark Chocolate Jaffa Cakes,299589
Redcurrant Puffs,436373
Digestive Biscuits,741095
Mini Jaffa Cakes,497169
Scottish All Butter Shortbread Fingers,672566
Scottish All Butter Shortbread Rounds,672573
Scottish All Butter Shortbread Assortment,672580
Rich Tea Biscuits,741316
Belgian Chocolate Chunk Cookies,47838
Dark Chocolate Digestives,747103
Dark Chocolate Lemon and Lime Jaffa Cakes,379113
6 Milk Chocolate Coated Digestives,111966